<?xml version="1.0" encoding="UTF-8"?>
<project-private xmlns="http://www.netbeans.org/ns/project-private/1">
    <editor-bookmarks xmlns="http://www.netbeans.org/ns/editor-bookmarks/2" lastBookmarkId="0"/>
    <open-files xmlns="http://www.netbeans.org/ns/projectui-open-files/2">
        <group name="Group 20231111-01:49:30">
            <file>file:/C:/Users/otavi/OneDrive/Documentos/Projetos_Java_Aulas_da_Faculdade/2º%20Semestre/Marcador_de_Truco/src/marcador_de_truco/Marcador_de_Truco.fxml</file>
            <file>file:/C:/Users/otavi/OneDrive/Documentos/Projetos_Java_Aulas_da_Faculdade/2º%20Semestre/Marcador_de_Truco/src/marcador_de_truco/Marcador_de_Truco.java</file>
            <file>file:/C:/Users/otavi/OneDrive/Documentos/Projetos_Java_Aulas_da_Faculdade/2º%20Semestre/Marcador_de_Truco/src/marcador_de_truco/Marcador_de_TrucoController.java</file>
        </group>
    </open-files>
</project-private>
